"车系","不续保车系概率"
"解放JH6(P25)","0.000037940585044"
"帅铃T6","0.000037940585044"
"伊美","0.000018970292522"
"凯美瑞","0.007493265546155"
"骐达","0.007265622035892"
"雷克萨斯ES系","0.000720871115833"
"赛欧","0.007341503205979"
"四川一汽丰田RAV4","0.002542019197936"
"欧诺","0.001460712524187"
"速腾","0.016466213909018"
"宝马X5","0.001308950184012"
"锐驰","0.003224949728725"
"东风风神H30","0.000607049360701"
"逍客","0.009257502750692"
"华晨宝马5系","0.004628751375346"
"雷克萨斯LX系","0.000474257313048"
"森林人FORESTER","0.002162613347498"
"欧曼神舟","0.00079675228592"
"荣威i6","0.000265584095307"
"比亚迪S6","0.001100276966271"
"科沃兹","0.001346890769056"
"北京奔驰E级","0.002769662708199"
"名爵MG 7","0.000113821755131"
"大切诺基GRAND CHEROKEE","0.000417346435482"
"帝豪GL","0.000929544333574"
"北汽绅宝X35","0.001271009598968"
"哈弗H6 COUPE","0.001214098721402"
"东风标致4008","0.000303524680351"
"长安CM8","0.000037940585044"
"沃尔沃S90","0.000246613802785"
"胜达","0.001327920476534"
"欧铃载货汽车","0.000208673217741"
"哈弗H9","0.000189702925219"
"上海通用凯迪拉克ATS-L","0.000512197898092"
"福田轻型货车","0.000037940585044"
"英菲尼迪ESQ","0.000512197898092"
"海格10米公路客车","0.000455287020526"
"奔腾X80","0.001233069013924"
"瑞虎3","0.002295405395151"
"奔驰GLS级","0.000018970292522"
"佳美CAMRY","0.000170732632697"
"锐行(MG GT)","0.000189702925219"
"自由侠","0.000284554387829"
"吉利S1","0.000037940585044"
"东风雪铁龙C3-XR","0.000189702925219"
"Yeti","0.000531168190613"
"奇瑞E5","0.000910574041052"
"金杯S50","0.000018970292522"
"旗胜","0.000360435557916"
"宾悦","0.000018970292522"
"欧曼雄狮","0.000075881170088"
"朗境","0.000246613802785"
"启辰T90","0.000075881170088"
"宝沃BX5","0.000037940585044"
"自由光CHEROKEE","0.000113821755131"
"海迅","0.00009485146261"
"红岩牵引车","0.00009485146261"
"飞腾","0.000227643510263"
"奥迪A8","0.000644989945745"
"御风","0.000037940585044"
"奔驰CLS级","0.000037940585044"
"江淮皮卡","0.000132792047653"
"陆霸","0.000075881170088"
"酷搏CALIBER","0.000075881170088"
"高尔夫GOLF","0.000265584095307"
"东风标致5008","0.000075881170088"
"柳工汽车起重机","0.000037940585044"
"比速T3","0.000037940585044"
"中集混凝土搅拌车","0.000037940585044"
"雷克萨斯CT系","0.000075881170088"
"东风福瑞卡","0.000037940585044"
"中联混凝土泵车","0.00009485146261"
"欧朗","0.000056910877566"
"智尚S35","0.000018970292522"
"宝马6系","0.000018970292522"
"长城M1","0.000056910877566"
"金旅12米公路客车","0.000113821755131"
"北铃食品运输车","0.000037940585044"
"申龙骏马11米公路客车","0.000037940585044"
"世纪星","0.000037940585044"
"景逸S50","0.000037940585044"
"奔驰GLC级","0.000056910877566"
"金旅11米公路客车","0.000018970292522"
"讴歌TL","0.000018970292522"
"赛飞利ZAFIRA","0.000018970292522"
"广州五十铃11米公路客车","0.000018970292522"
"一汽红塔自由风","0.000037940585044"
"博越","0.002048791592366"
"飞碟货车","0.000929544333574"
"哈弗H6","0.008290017832075"
"一汽奥迪A4","0.005880790681792"
"奇骏","0.007777819933983"
"山西6米公路客车","0.000075881170088"
"威志","0.001897029252191"
"猎豹CS10","0.001346890769056"
"星韵","0.000056910877566"
"启辰R50X","0.00039837614296"
"爱尚","0.000056910877566"
"瑞风S2","0.00049322760557"
"思迪/锋范","0.002769662708199"
"长安CS35","0.00457184049778"
"东风悦达起亚K2","0.006981067648063"
"五菱兴旺/五菱龙","0.000929544333574"
"郑州宇通8米公路客车","0.000189702925219"
"全球鹰GX7","0.001062336381227"
"一汽马自达8","0.000056910877566"
"奥铃","0.001157187843837"
"北汽绅宝X65","0.000246613802785"
"星光","0.001650415449406"
"帅铃","0.000265584095307"
"奔腾B70","0.001138217551315"
"民意","0.002769662708199"
"东风G系列","0.000265584095307"
"思铂睿","0.000644989945745"
"荣威360","0.00049322760557"
"赛纳SIENNA","0.00009485146261"
"和悦","0.001233069013924"
"长安CX70","0.000208673217741"
"大众TRANSPORTER","0.000170732632697"
"帕萨特PASSAT","0.00039837614296"
"宏昌天马自卸车","0.000322494972872"
"陆风X5","0.000189702925219"
"瑞虎7","0.000151762340175"
"奇瑞A1","0.000075881170088"
"至喜低速货车","0.000037940585044"
"金龙8米公路客车","0.000056910877566"
"奔腾B90","0.000075881170088"
"鲸象喷洒车","0.000018970292522"
"东风风神AX7","0.000512197898092"
"赛威SAVANA","0.000056910877566"
"野马T70","0.000075881170088"
"欢动","0.000018970292522"
"圣岳自卸车","0.000037940585044"
"艾瑞泽7","0.000151762340175"
"威虎","0.000056910877566"
"锋哲AVENGER","0.000018970292522"
"中华H220","0.000037940585044"
"瑞铃","0.000056910877566"
"维特拉VITARA","0.000075881170088"
"发现神行","0.000360435557916"
"优优","0.000303524680351"
"小福星","0.000265584095307"
"郑州宇通10米公路客车","0.000075881170088"
"铂锐","0.000056910877566"
"程力威高空作业车","0.000037940585044"
"启腾EX80","0.000056910877566"
"景逸X6","0.000037940585044"
"凯门CAYMAN","0.000037940585044"
"无限","0.000056910877566"
"标致RCZ","0.000018970292522"
"马自达MAZDA3","0.000037940585044"
"川消消防车","0.000056910877566"
"伽途V5","0.000018970292522"
"超越","0.000037940585044"
"金卡载货汽车","0.000018970292522"
"飞花旅居车","0.000018970292522"
"雪铁龙C4","0.000018970292522"
"威姿","0.000018970292522"
"北斗星","0.00208673217741"
"迈腾","0.013886254126039"
"宝来","0.018287361991122"
"卡罗拉","0.000360435557916"
"东风标致307","0.001726296619494"
"途锐TOUAREG","0.001479682816709"
"桑塔纳","0.015479758697879"
"海狮","0.001650415449406"
"北汽绅宝X25","0.00119512842888"
"天语","0.002333345980195"
"狮跑SPORTAGE","0.000113821755131"
"启辰T70","0.000322494972872"
"东风天锦(B)","0.000113821755131"
"吉田","0.000037940585044"
"全顺","0.001498653109231"
"金刚","0.005273741321091"
"帕杰罗PAJERO","0.00039837614296"
"东风标致308","0.000967484918617"
"郑州日产其他车辆","0.000037940585044"
"华晨宝马3系","0.003414652653944"
"长城C50","0.000417346435482"
"荣威950","0.000132792047653"
"比亚迪M6","0.000170732632697"
"奥迪Q7","0.00079675228592"
"领动","0.001271009598968"
"指南者","0.000379405850438"
"撼路者","0.000132792047653"
"大迈X5","0.00079675228592"
"UR-V","0.000246613802785"
"聚宝低速货车","0.000018970292522"
"科迈罗CAMARO","0.000018970292522"
"奔驰GLE","0.000113821755131"
"奥轩","0.000170732632697"
"英菲尼迪FX系列(QX70)","0.000132792047653"
"东风其他车辆","0.000056910877566"
"冰熊冷藏车","0.000037940585044"
"迪尔","0.000189702925219"
"大切诺基","0.000056910877566"
"别克GL6","0.000075881170088"
"焕驰","0.000075881170088"
"申沃9米公路客车","0.000037940585044"
"华骏垃圾车","0.000018970292522"
"考斯特","0.000075881170088"
"金龙11米公路客车","0.00009485146261"
"帕纳美拉PANAMERA","0.000056910877566"
"长安CX20","0.000512197898092"
"陆霸自卸车","0.000037940585044"
"众泰Z700","0.000056910877566"
"远景X3","0.000113821755131"
"沃尔沃C30","0.000075881170088"
"霸锐BORREGO","0.000075881170088"
"林荫大道","0.000132792047653"
"海格7米公路客车","0.000113821755131"
"舒驰7米公路客车","0.000018970292522"
"华晨宝马1系","0.000113821755131"
"多士星售货车","0.000018970292522"
"康铃","0.000208673217741"
"华晨宝马2系","0.000113821755131"
"上元邮政车","0.000056910877566"
"奔驰CLA级","0.000075881170088"
"考斯特COASTER","0.000018970292522"
"郑州宇通11米公路客车","0.000037940585044"
"奥迪TT","0.000018970292522"
"金银湖清洗车","0.000018970292522"
"路帝RODIUS","0.000018970292522"
"F50","0.000037940585044"
"福莱尔","0.000037940585044"
"夏利","0.018913381644345"
"福克斯","0.01022498766931"
"五菱之光/五菱扬光","0.009712789771218"
"嘉年华","0.001934969837235"
"东风天龙(A)","0.001422771939143"
"东风小康","0.002143643054976"
"汉兰达","0.006241226239709"
"欧蓝德OUTLANDER","0.000872633456008"
"凌派","0.001043366088705"
"徐工救险车","0.000056910877566"
"精灵FORTWO","0.001612474864362"
"思威CR-V","0.007436354668589"
"比亚迪L3","0.002409227150283"
"瑞麒X系列","0.000341465265394"
"凯迪拉克SRX","0.000682930530789"
"科雷傲","0.000056910877566"
"库伯COOPER","0.001119247258793"
"荣威750","0.000265584095307"
"英致G3","0.000189702925219"
"陆地巡洋舰LAND CRUISER","0.003623325871685"
"金杯轻型货车","0.001100276966271"
"欧蓝德","0.001252039306446"
"东风风神S30","0.000512197898092"
"优6 SUV","0.000360435557916"
"奥德赛","0.001081306673749"
"力帆620","0.000360435557916"
"松花江微面","0.00009485146261"
"奔驰GLK级","0.000322494972872"
"宝马3系","0.000531168190613"
"宝马X4","0.000208673217741"
"西玛","0.000037940585044"
"北京汽车E系列","0.002010851007323"
"英菲尼迪EX系列(QX50)","0.000246613802785"
"众泰E200","0.000037940585044"
"都灵V","0.000417346435482"
"赛马","0.000341465265394"
"缤智","0.00089160374853"
"揽胜极光RANGE ROVER EVOQUE","0.000607049360701"
"时代康瑞","0.000151762340175"
"东风风神A60","0.000265584095307"
"荣威W5","0.000303524680351"
"凯宴CAYENNE","0.000588079068179"
"挑战者","0.000018970292522"
"和悦A13","0.000075881170088"
"圣路运钞车","0.000132792047653"
"悦纳","0.000417346435482"
"奥丁","0.000056910877566"
"传祺GA3","0.000113821755131"
"中集粉粒物料运输车","0.000018970292522"
"中通7米公路客车","0.000037940585044"
"华神随车起重运输车","0.000132792047653"
"优利欧","0.000170732632697"
"萨普","0.000360435557916"
"锐意","0.000113821755131"
"小老虎","0.000075881170088"
"同悦","0.000588079068179"
"粤海清障车","0.000037940585044"
"广通专用车","0.000018970292522"
"名爵MG 5","0.000075881170088"
"吉悦半挂车","0.000037940585044"
"北汽威旺M50F","0.000037940585044"
"传祺GS3","0.000037940585044"
"大陆CONTINENTAL","0.000037940585044"
"林肯MKX","0.000056910877566"
"长安CX30","0.00009485146261"
"赛弗","0.000037940585044"
"大运载货汽车","0.000018970292522"
"凯普特","0.000018970292522"
"亚洁其他车辆","0.000018970292522"
"双环SCEO","0.000037940585044"
"北方重工喷洒车","0.000132792047653"
"威麟X系列","0.000056910877566"
"东风纯电动厢式运输车","0.000018970292522"
"领弛","0.000018970292522"
"沃尔沃XC CLASSIC","0.000018970292522"
"东风风神AX4","0.000037940585044"
"林肯MKC","0.000075881170088"
"斯巴鲁BRZ","0.000018970292522"
"东方之子CROSS","0.000018970292522"
"马自达626","0.000018970292522"
"中天之星旅居车","0.000018970292522"
"长安V5","0.000018970292522"
"尼瓦NIVA","0.000037940585044"
"菲跃FREEMONT","0.000018970292522"
"时风低速货车","0.000018970292522"
"五征三轮汽车","0.000018970292522"
"和悦A30","0.000018970292522"
"江特清障车","0.000037940585044"
"其他车辆","0.000018970292522"
"鲁岳半挂车","0.000018970292522"
"龙卡","0.000018970292522"
"解放载货汽车","0.000018970292522"
"环达商务车","0.000018970292522"
"神狐半挂车","0.000018970292522"
"哈弗H1","0.002257464810107"
"东风雪铁龙C5","0.000815722578442"
"长城C30","0.001176158136358"
"朗行","0.002295405395151"
"哈弗H2S","0.000341465265394"
"昕锐","0.004401107865083"
"自由舰","0.004116553477255"
"金鹰","0.000474257313048"
"北汽威旺M20","0.000189702925219"
"逸致","0.00039837614296"
"长城特种车","0.000834692870964"
"名图","0.002143643054976"
"比亚迪S7","0.000455287020526"
"远景","0.005634176879007"
"英菲尼迪G系列(Q50/Q60)","0.000208673217741"
"千里马","0.000758811700876"
"景逸","0.00168835603445"
"东风悦达起亚K3","0.004780513715521"
"北汽新能源EC系列","0.000056910877566"
"迈凯MACAN","0.000322494972872"
"锐腾","0.000929544333574"
"菱悦","0.00119512842888"
"雅绅特","0.001764237204538"
"荣威550","0.001821148082103"
"幻速S3","0.000455287020526"
"宝马5系","0.000341465265394"
"维拉克斯VERACRUZ","0.000455287020526"
"LANNIA 蓝鸟","0.000948514626096"
"金旅7米公路客车","0.000056910877566"
"沃尔沃XC90","0.00039837614296"
"哈弗M6","0.000113821755131"
"程力威平板运输车","0.000018970292522"
"一汽奥迪A3","0.001138217551315"
"郑州宇通7米公路客车","0.000284554387829"
"远景SUV","0.000360435557916"
"盛世","0.000037940585044"
"爱腾ACTYON","0.00009485146261"
"奇瑞QQ6","0.000189702925219"
"福田12米公路客车","0.000037940585044"
"哈弗H8","0.000075881170088"
"坦途TUNDRA","0.00009485146261"
"长安马自达2","0.00049322760557"
"飞思VELOSTER","0.000132792047653"
"陆风X8","0.000075881170088"
"洁神垃圾车","0.000018970292522"
"开迪","0.000018970292522"
"中通物流车","0.000075881170088"
"斯威X7","0.000189702925219"
"众泰5008(乐睿)","0.000208673217741"
"宝沃BX7","0.000151762340175"
"欧曼昆仑","0.000436316728004"
"宏光S3","0.000018970292522"
"路盛E70","0.000132792047653"
"森远除雪车","0.000037940585044"
"宝马2系","0.00009485146261"
"东岳重工汽车起重机","0.00009485146261"
"乘龙货车","0.000151762340175"
"金牛座","0.000151762340175"
"郑州宇通6米公路客车","0.000037940585044"
"劳恩斯ROHENS","0.000056910877566"
"中通6米公路客车","0.000037940585044"
"辉昂","0.000075881170088"
"公羊RAM","0.00009485146261"
"坚盾专用车","0.000018970292522"
"金运","0.00009485146261"
"骏马","0.000037940585044"
"安凯11米公路客车","0.000037940585044"
"一汽红塔轻卡","0.000018970292522"
"幻速H2V","0.000037940585044"
"霸龙","0.000037940585044"
"舒驰6米公路客车","0.000037940585044"
"丘比特","0.000056910877566"
"东风风神AX5","0.000018970292522"
"迷迪","0.000018970292522"
"龙工装载机","0.000018970292522"
"白鸟流动售卖车","0.000018970292522"
"汉腾X5","0.000037940585044"
"明锐","0.014967560799788"
"途胜","0.006165345069621"
"花冠/卡罗拉","0.010395720302007"
"北京现代ix25","0.001365861061578"
"捷达","0.025097697006488"
"钻卡","0.000246613802785"
"高尔夫","0.011344234928103"
"骏捷","0.002333345980195"
"别克GL8","0.005140949273438"
"翼虎","0.001365861061578"
"一汽哈轻轻卡","0.000379405850438"
"思域","0.002864514170809"
"秀尔","0.000758811700876"
"菱致","0.000360435557916"
"途安","0.000815722578442"
"众泰SR7","0.000265584095307"
"一汽马自达6","0.002750692415677"
"红岩自卸车","0.001005425503661"
"宝迪","0.00049322760557"
"TRAX创酷","0.000739841408355"
"皇冠","0.001005425503661"
"猎豹CS7","0.00009485146261"
"昊锐","0.002257464810107"
"陆风X7","0.000189702925219"
"KX CROSS","0.000075881170088"
"蒙迪欧","0.002542019197936"
"南骏货车","0.000132792047653"
"阳光","0.004249345524908"
"优劲","0.000208673217741"
"北汽绅宝D50","0.002124672762454"
"菱帅","0.000303524680351"
"启悦","0.000170732632697"
"东风标致206","0.000341465265394"
"解放J4(P4)","0.000227643510263"
"瑞风S2 mini","0.000018970292522"
"格尔发L系列","0.000037940585044"
"宝马1系","0.000948514626096"
"东风6米客车","0.000037940585044"
"华骏半挂车","0.000208673217741"
"元","0.00039837614296"
"江淮微卡","0.000037940585044"
"英菲尼迪JX系列(QX60)","0.000227643510263"
"小霸王","0.000474257313048"
"瑞风S5","0.000417346435482"
"艾瑞泽M7","0.00009485146261"
"特顺","0.000075881170088"
"长安微卡","0.000360435557916"
"凯马厢式运输车","0.000151762340175"
"江淮10米城市客车","0.000056910877566"
"雷斯特REXTON","0.00009485146261"
"瑞鹰","0.000417346435482"
"长安马自达CX-5","0.000284554387829"
"长安轻卡","0.000075881170088"
"赛豹","0.000151762340175"
"奥迪A5","0.000265584095307"
"悦悦","0.00009485146261"
"传祺GA3S视界","0.000474257313048"
"宝骏730","0.000663960238267"
"优尼柯","0.000018970292522"
"海德垃圾车","0.000056910877566"
"一汽红塔自卸车","0.000075881170088"
"海格12米公路客车","0.000113821755131"
"宝骏310","0.000246613802785"
"本田CR-Z","0.000018970292522"
"特商随车起重运输车","0.000018970292522"
"奥迪Q3","0.000056910877566"
"众泰2008","0.000151762340175"
"大力士半挂车","0.00009485146261"
"三力垃圾车","0.00009485146261"
"海虹汽车起重机","0.000075881170088"
"陆风X6","0.000037940585044"
"捷豹XEL","0.000018970292522"
"长丰扬子皮卡","0.000075881170088"
"解放J4(P)","0.00009485146261"
"域虎","0.000132792047653"
"海域","0.000056910877566"
"君爵GRANDEUR","0.000037940585044"
"江西五十铃D-MAX","0.000018970292522"
"江淮其他货车","0.000037940585044"
"海尚","0.00009485146261"
"标致4008","0.000018970292522"
"海马M3","0.000018970292522"
"越铃","0.000018970292522"
"幻速H3","0.000018970292522"
"帕萨特","0.020620707971317"
"帝豪EC","0.002542019197936"
"奔奔","0.001859088667147"
"宏光","0.005046097810828"
"通用五菱微卡","0.000701900823311"
"得意","0.000758811700876"
"瑞风S3","0.001669385741928"
"豪泺(HOWO)-A7","0.000170732632697"
"牧马人WRANGLER","0.000474257313048"
"一汽奥迪A6","0.014189778806389"
"海格8米公路客车","0.00009485146261"
"长安沃尔沃S80","0.000474257313048"
"秦","0.000113821755131"
"荣威RX5","0.001327920476534"
"骊威","0.002693781538111"
"猎豹CS6","0.000360435557916"
"炫威XR-V","0.001764237204538"
"东风标致207","0.002504078612892"
"佳宝","0.000436316728004"
"宝骏630","0.000872633456008"
"富利卡","0.000075881170088"
"哈弗H2","0.001612474864362"
"赛酷","0.000132792047653"
"中燕厢式运输车","0.000075881170088"
"德龙","0.000436316728004"
"拓陆者","0.000056910877566"
"海马S7","0.000151762340175"
"甲壳虫BEETLE","0.000588079068179"
"星锐","0.000075881170088"
"陆铃","0.000056910877566"
"英菲尼迪M系列(Q70)","0.000265584095307"
"速锐","0.001119247258793"
"歌诗图","0.000967484918617"
"悦翔","0.000626019653223"
"途昂","0.00039837614296"
"程力威售货车","0.000037940585044"
"欧铃厢式运输车","0.000037940585044"
"众泰Z300","0.000379405850438"
"CA7220","0.000018970292522"
"途乐PATROL","0.000227643510263"
"北汽绅宝D60","0.000037940585044"
"柯兰多KORAND","0.000455287020526"
"济南鸿雁邮政车","0.000151762340175"
"凌宇粉粒物料运输车","0.000018970292522"
"一汽马自达CX-4","0.000284554387829"
"青年莲花L3","0.000151762340175"
"普瑞维亚PREVIA","0.00009485146261"
"川腾半挂车","0.000037940585044"
"超利卡","0.000170732632697"
"郑州日产NV200","0.000151762340175"
"斯帕可SPARK","0.000037940585044"
"东风随车起重运输车","0.000037940585044"
"魏派VV5","0.000075881170088"
"北京克莱斯勒300C","0.000037940585044"
"幻速H3F","0.000113821755131"
"东风标致308S","0.000056910877566"
"西北指挥车","0.000037940585044"
"中兴C3","0.000018970292522"
"三一混凝土搅拌车","0.000075881170088"
"时代瑞沃","0.000132792047653"
"驰鹏TRIBECA","0.000037940585044"
"神骐F30","0.000056910877566"
"城市TOWN CAR","0.000018970292522"
"途睿欧","0.000018970292522"
"众泰SR9","0.000056910877566"
"飞碟仓栅式运输车","0.000037940585044"
"赛纳","0.000037940585044"
"一汽马自达CX-7","0.000037940585044"
"猎锐YETI","0.000018970292522"
"瑞麒G系列","0.000018970292522"
"王牌低速货车","0.000018970292522"
"骜通半挂车","0.000018970292522"
"华菱之星载货车","0.000018970292522"
"景程","0.00178320749706"
"自由客PATRIOT","0.000701900823311"
"傲虎OUTBACK","0.000626019653223"
"帝豪","0.003964791137079"
"昂科威","0.003661266456729"
"奥拓","0.002162613347498"
"凌渡","0.002029821299844"
"豪泺(HOWO)","0.001043366088705"
"逸动","0.001365861061578"
"波罗","0.009636908601131"
"海星","0.00039837614296"
"中华V3","0.000436316728004"
"风行","0.00159350457184"
"中汽路面养护车","0.000037940585044"
"风行S500","0.000170732632697"
"奔驰A级","0.000246613802785"
"小虎","0.000588079068179"
"爱丽舍","0.003395682361422"
"域胜007","0.000056910877566"
"北京奔驰GLC级","0.000322494972872"
"宝利格","0.000512197898092"
"红旗H7","0.000075881170088"
"猎豹Q6","0.000246613802785"
"威达VECTRA","0.000037940585044"
"江特高空作业车","0.000037940585044"
"全球鹰GC7","0.000663960238267"
"众泰T600","0.001384831354099"
"北方重工混凝土搅拌车","0.000018970292522"
"英伦SX7","0.000170732632697"
"宝马X3","0.000967484918617"
"红岩货车","0.000113821755131"
"迅力全挂车","0.000018970292522"
"精灵FORFOUR","0.00009485146261"
"福克斯FOCUS","0.000037940585044"
"福龙马清扫车","0.000208673217741"
"北方重工洒水车","0.00009485146261"
"野马MUSTANG","0.000113821755131"
"奇瑞捷豹XFL","0.000056910877566"
"蓝瑟","0.000663960238267"
"金霸","0.000227643510263"
"奇瑞A3","0.000189702925219"
"时代金刚","0.000227643510263"
"林肯MKZ","0.000151762340175"
"远景X1","0.000246613802785"
"风景海狮","0.000056910877566"
"凯翼X3","0.000075881170088"
"伽途T3","0.000037940585044"
"凯迪拉克ATS","0.000037940585044"
"骏意","0.000018970292522"
"丰顺","0.00009485146261"
"华泰B11","0.000056910877566"
"赛骏","0.000075881170088"
"宇通轻型客车","0.000132792047653"
"欧尚A800","0.00009485146261"
"康霸","0.000037940585044"
"福田其他车辆","0.000037940585044"
"英田低速货车","0.000018970292522"
"少林6米公路客车","0.000075881170088"
"云100","0.000018970292522"
"黄河少帅","0.000056910877566"
"领骐","0.000018970292522"
"瑞虎5X","0.000018970292522"
"庆铃U系列竞技者","0.000037940585044"
"威麟V系列","0.000075881170088"
"锐度V3","0.000037940585044"
"凌傲","0.000018970292522"
"赛铃","0.000037940585044"
"神宇随车起重运输车","0.000018970292522"
"少林11米公路客车","0.000037940585044"
"东方红低速货车","0.000018970292522"
"图雅诺","0.000018970292522"
"启辰D60","0.000018970292522"
"兆阳全挂车","0.000018970292522"
"启辰T70X","0.000018970292522"
"海格轻型客车","0.000037940585044"
"宇通重工散装物料运输车","0.000018970292522"
"发现DISCOVERY","0.000758811700876"
"轩逸","0.007626057593808"
"天籁","0.006317107409796"
"力帆320","0.000663960238267"
"风行SX6","0.000227643510263"
"天津一汽丰田RAV4","0.002390256857761"
"普拉多","0.002712751830633"
"比亚迪F3","0.005121978980916"
"荣光","0.002428197442805"
"爱唯欧","0.00089160374853"
"世嘉","0.00386993967447"
"奔驰ML级","0.000455287020526"
"陆地巡洋舰","0.00079675228592"
"风景爱尔法","0.000910574041052"
"君威","0.005425503661266"
"中集半挂车","0.000227643510263"
"长安CS15","0.000834692870964"
"哈弗H3","0.000815722578442"
"长城M2","0.000284554387829"
"东风标致3008","0.000929544333574"
"时代领航","0.000910574041052"
"全顺新世代","0.000626019653223"
"航天轻型客车","0.000018970292522"
"欧马可","0.000208673217741"
"乐风","0.001859088667147"
"劲客","0.000360435557916"
"东方红垃圾车","0.000018970292522"
"凯马载货车","0.000303524680351"
"豪情","0.000189702925219"
"福田10米公路客车","0.000037940585044"
"奥迪A1","0.000265584095307"
"大捷龙GRAND VOYAGER","0.000132792047653"
"力狮LEGACY","0.000322494972872"
"凯迪拉克CTS","0.000151762340175"
"锐志","0.000853663163486"
"大通V80","0.000284554387829"
"楚胜加油车","0.000037940585044"
"广汽讴歌CDX","0.000113821755131"
"帅虎","0.000037940585044"
"瑞麒M系列","0.000227643510263"
"亚特重工混凝土搅拌车","0.000056910877566"
"伽途V3","0.000056910877566"
"猎豹CS9","0.000151762340175"
"伊思坦纳","0.000113821755131"
"汉兰达HIGHLANDER","0.000075881170088"
"乐风RV","0.000113821755131"
"琴岛载货车","0.000037940585044"
"塔科马TACOMA","0.000018970292522"
"开乐半挂车","0.000037940585044"
"骏铃","0.000246613802785"
"庆铃F系列商用车","0.000018970292522"
"斯巴鲁XV","0.000208673217741"
"中华H3","0.000018970292522"
"运通","0.000018970292522"
"菱仕","0.000132792047653"
"宝马Z4","0.00009485146261"
"威霆","0.000151762340175"
"优雅(瑞麒2)","0.000037940585044"
"郑州宇通9米公路客车","0.000056910877566"
"风朗FLUENCE","0.000037940585044"
"凯领","0.000018970292522"
"安德拉ANTARA","0.000018970292522"
"东风货车","0.000037940585044"
"俊风载货汽车","0.000075881170088"
"唐","0.000056910877566"
"致尚XT","0.000075881170088"
"天河抢险救援消防车","0.000018970292522"
"马自达MAZDA5","0.000056910877566"
"河北福田混凝土泵车","0.000018970292522"
"瑞江半挂车","0.000018970292522"
"全球鹰GX2","0.000018970292522"
"华山","0.000037940585044"
"小超人","0.000018970292522"
"少林7米公路客车","0.000037940585044"
"普锐斯","0.000018970292522"
"海马S5 青春版","0.000018970292522"
"凯马仓栅式运输车","0.000018970292522"
"一汽大众CC","0.002219524225064"
"郑州日产D22","0.001138217551315"
"大马轻型客车","0.000075881170088"
"长安CS75","0.005027127518306"
"奔腾B50","0.002617900368024"
"杰德","0.000607049360701"
"东风风神L60","0.000132792047653"
"松花江微卡","0.000132792047653"
"东风V/W系列","0.000056910877566"
"丰田86","0.000037940585044"
"解放J5P(P21)奥威","0.000132792047653"
"旗云","0.00168835603445"
"开瑞K50","0.000189702925219"
"佳宝AV6","0.000739841408355"
"时代小卡之星","0.001252039306446"
"维特拉","0.000322494972872"
"冠道","0.000322494972872"
"蒙派克","0.000227643510263"
"北汽威旺306","0.000322494972872"
"胜达SANTA FE","0.001745266912016"
"沃尔沃货车","0.000227643510263"
"途欢TIGUAN","0.000682930530789"
"锐欧","0.000701900823311"
"大迈X7","0.00009485146261"
"传祺GS5速博","0.000550138483135"
"中华H230","0.00009485146261"
"戈蓝","0.00009485146261"
"飞雁泡沫消防车","0.000018970292522"
"乘龙牵引车","0.00009485146261"
"竞瑞","0.000113821755131"
"神行者FREELANDER","0.000929544333574"
"海伦哲高空作业车","0.000037940585044"
"雷克萨斯IS系","0.000303524680351"
"帕杰罗","0.000379405850438"
"思锐","0.000037940585044"
"开拓者","0.000037940585044"
"东风风神AX3","0.000189702925219"
"睿骋","0.000075881170088"
"幻速H2","0.000056910877566"
"金杯750","0.000170732632697"
"豫新粉粒物料运输车","0.000018970292522"
"北汽威旺S50","0.000132792047653"
"海狮HIACE","0.000113821755131"
"风景G7","0.00009485146261"
"欧卡","0.000208673217741"
"福建奔驰V级","0.000132792047653"
"成功一号","0.000018970292522"
"豪运(HOYN)","0.000037940585044"
"风潮邮政车","0.000037940585044"
"马自达CX-7","0.000018970292522"
"中华V5","0.000227643510263"
"云豹套牌车","0.000018970292522"
"贵士QUEST","0.000037940585044"
"东南DX3","0.000056910877566"
"帅驰","0.000037940585044"
"广汽10米公路客车","0.000018970292522"
"优派","0.000018970292522"
"奇兵","0.000056910877566"
"博悦BRAVO","0.000018970292522"
"吉博力GHIBLI","0.000037940585044"
"神狐绿化喷洒车","0.000018970292522"
"科帕奇CAPTIVA","0.000208673217741"
"斯太尔王","0.000037940585044"
"蓝港救护车","0.000018970292522"
"长鹿6米公路客车","0.000037940585044"
"顺驰皮卡","0.000018970292522"
"帅客","0.000018970292522"
"仙达混凝土搅拌车","0.000056910877566"
"沃尔沃S80","0.000018970292522"
"雷克萨斯RC系","0.000018970292522"
"博克斯特BOXSTER","0.000018970292522"
"东风长头系列","0.000018970292522"
"豪骏","0.000018970292522"
"徐工自卸汽车","0.000018970292522"
"标致3008","0.000018970292522"
"新飞工随车起重运输车","0.000018970292522"
"一汽奥迪Q5","0.003983761429601"
"长安马自达3","0.002352316272717"
"沃尔沃S60L","0.000701900823311"
"赛拉图","0.003149068558637"
"雷克萨斯RX系","0.000284554387829"
"威朗","0.002067761884888"
"得利卡","0.000132792047653"
"威驰","0.003983761429601"
"翼搏","0.001327920476534"
"庆铃T系列皮卡","0.000208673217741"
"沃尔沃XC60","0.001972910422279"
"长城M4","0.000910574041052"
"金牛星","0.000720871115833"
"揽胜RANGE ROVER","0.001233069013924"
"海马M6","0.000037940585044"
"富康","0.000777781993398"
"哈弗H5","0.001138217551315"
"优雅","0.00009485146261"
"帕拉丁","0.00039837614296"
"名爵MG 3","0.001233069013924"
"捷豹XE级","0.000075881170088"
"解放J4(P2)大威","0.000455287020526"
"猎豹V31/V32/V33系列","0.001214098721402"
"东风标致508","0.000417346435482"
"英伦SC3","0.000132792047653"
"中联吸粪车","0.000075881170088"
"中兴教练车","0.000474257313048"
"吉姆尼JIMNY","0.000341465265394"
"奔驰R级","0.000322494972872"
"美日","0.000113821755131"
"金迪尔","0.000246613802785"
"东风英菲尼迪QX50","0.000455287020526"
"鸿途","0.000151762340175"
"飞碟UFO","0.000227643510263"
"长安6米公路客车","0.000018970292522"
"腾翼V80","0.000056910877566"
"环风奶罐车","0.000018970292522"
"宝威","0.000056910877566"
"英菲尼迪QX30","0.000056910877566"
"长丰扬子货车","0.000018970292522"
"启腾M70","0.000208673217741"
"幻速S2","0.000322494972872"
"凯旋","0.000227643510263"
"沃尔沃V60","0.000189702925219"
"英伦SC5","0.00009485146261"
"丰田RAV4","0.000132792047653"
"金旅10米公路客车","0.00009485146261"
"中通7米城市客车","0.000056910877566"
"奥迪A7","0.00009485146261"
"安徽合力叉车","0.000018970292522"
"奔驰V级","0.000018970292522"
"比亚迪G5","0.000132792047653"
"阿克托斯ACTROS","0.000075881170088"
"五征低速货车","0.000151762340175"
"北汽绅宝D70","0.000189702925219"
"羊城套牌车","0.000037940585044"
"享御KYRON","0.000113821755131"
"东风K系列","0.000018970292522"
"睿骋CC","0.000018970292522"
"奥龙","0.000113821755131"
"世纪","0.00009485146261"
"桂林大宇12米公路客车","0.00009485146261"
"十通厢式/仓栅/蓬式运输车","0.000075881170088"
"浦沅汽车起重机","0.000018970292522"
"启辰R30","0.000075881170088"
"科雷嘉","0.00009485146261"
"中联洗扫车","0.000075881170088"
"帅威","0.000018970292522"
"宝骏610","0.000018970292522"
"锦重随车起重运输车","0.000018970292522"
"幻速S3L","0.000075881170088"
"谛艾仕DS 6","0.000056910877566"
"海锋","0.000037940585044"
"唯雅诺VIANO","0.000018970292522"
"大马商务车","0.000018970292522"
"扬天半挂车","0.000018970292522"
"驼马旅居车","0.000018970292522"
"青年莲花L5","0.000018970292522"
"科鲁兹","0.010888947907577"
"君越","0.006013582729446"
"伊兰特","0.011932313996282"
"福睿斯","0.001802177789582"
"风骏","0.002959365633418"
"奔驰C级","0.000227643510263"
"幻速S5","0.00009485146261"
"索兰托SORENTO","0.001308950184012"
"悦翔V3","0.000682930530789"
"圣达菲","0.002674811245589"
"风云","0.002257464810107"
"奔驰S级","0.000948514626096"
"一汽奥迪Q3","0.002352316272717"
"瑞风M3","0.000682930530789"
"奥迪A3","0.000246613802785"
"明仕","0.000170732632697"
"北京奔驰C级","0.002029821299844"
"上元半挂车","0.000208673217741"
"旭达半挂车","0.000550138483135"
"长安沃尔沃S40","0.000379405850438"
"昕动","0.000626019653223"
"尚酷SCIROCCO","0.000550138483135"
"锋驭","0.000341465265394"
"庆铃N系列轻型商用车","0.000417346435482"
"熊猫","0.001460712524187"
"北汽2020系列","0.000151762340175"
"柯迪亚克","0.000189702925219"
"睿行","0.00009485146261"
"远景S1","0.000113821755131"
"路宝","0.000379405850438"
"湛江三星轻型客车","0.000037940585044"
"上海通用凯迪拉克XTS","0.000607049360701"
"蔚领","0.000569108775657"
"比亚迪F6","0.00049322760557"
"高尔","0.000303524680351"
"佳乐CARENS","0.000227643510263"
"郑州宇通12米公路客车","0.000322494972872"
"劲越全挂车","0.000018970292522"
"楚胜清障车","0.000018970292522"
"红杉SEQUOIA","0.000075881170088"
"奔驰GL级","0.000246613802785"
"传祺GA6","0.000265584095307"
"致悦","0.000265584095307"
"赛威SLS","0.000227643510263"
"通华半挂车","0.000075881170088"
"酷熊","0.000056910877566"
"切诺基","0.000113821755131"
"大力加油车","0.000037940585044"
"骐运","0.000037940585044"
"特拉卡","0.000151762340175"
"幻速S6","0.00009485146261"
"中联汽车起重机","0.000056910877566"
"金龙12米公路客车","0.000379405850438"
"东方之子","0.000018970292522"
"麦柯斯","0.000056910877566"
"十通载货车","0.000018970292522"
"三一随车起重运输车","0.000018970292522"
"大运厢式运输车","0.000037940585044"
"三力加油车","0.000018970292522"
"揽胜星脉RANGE ROVER VELAR","0.000018970292522"
"南京依维柯越野车","0.000075881170088"
"格锐GRAND SANTA FE","0.000037940585044"
"杨嘉半挂车","0.000018970292522"
"东风风神A30","0.000018970292522"
"优翼","0.000018970292522"
"骊山6米公路客车","0.000018970292522"
"毕加索","0.000056910877566"
"东风风度MX6","0.000018970292522"
"天河泡沫消防车","0.000018970292522"
"鲁威邮政车","0.000037940585044"
"宋MAX","0.000018970292522"
"狮跑/智跑","0.01310847213264"
"悦翔V5","0.000455287020526"
"启辰R50","0.000948514626096"
"华晨宝马X1","0.001726296619494"
"玛驰","0.000341465265394"
"北京奔驰GLK级","0.000929544333574"
"劲炫","0.002390256857761"
"东风雪铁龙C4L","0.000607049360701"
"自由光","0.00119512842888"
"逸动XT","0.000701900823311"
"东风标致301","0.00168835603445"
"北京40","0.000417346435482"
"路尊","0.000455287020526"
"北京现代ix35","0.005918731266836"
"索纳塔","0.004363167280039"
"众泰T700","0.000170732632697"
"奔腾B30","0.000360435557916"
"利亚纳","0.000284554387829"
"比亚迪F0","0.006241226239709"
"解放J4(P1)","0.00248510832037"
"阁瑞斯","0.00049322760557"
"众泰Z500","0.000132792047653"
"帝豪GS","0.001346890769056"
"凯尊CADENZA","0.000075881170088"
"奔驰B级","0.000531168190613"
"东风标致2008","0.000663960238267"
"北京奔驰GLA级","0.000758811700876"
"比亚迪G6","0.000284554387829"
"柳州五菱微卡","0.000075881170088"
"上元舞台车","0.000151762340175"
"SPARK乐驰","0.001327920476534"
"上海通用凯迪拉克CT6","0.000056910877566"
"悦翔V7","0.000834692870964"
"圣达菲5","0.000075881170088"
"大运牵引汽车","0.000075881170088"
"探险者EXPLORER","0.000322494972872"
"魏派VV7","0.000341465265394"
"解放J4长头系列","0.000037940585044"
"旗舰","0.000208673217741"
"菱绅","0.000056910877566"
"江西五十铃mu-X","0.000075881170088"
"奥迪A6","0.000056910877566"
"东南DX7","0.000113821755131"
"长城C20R","0.000132792047653"
"克莱斯勒300","0.000151762340175"
"时风载货车","0.000018970292522"
"炫丽","0.000550138483135"
"骑士","0.000208673217741"
"畅达专用车","0.000113821755131"
"奔驰E级","0.000265584095307"
"福特F系","0.000303524680351"
"吉奥GX6","0.000056910877566"
"奥迪Q5","0.000189702925219"
"中华H530","0.000132792047653"
"老虎","0.000075881170088"
"哈弗H7","0.000170732632697"
"艾力绅","0.000550138483135"
"宝骏310W","0.000189702925219"
"沈飞10米公路客车","0.000018970292522"
"酷路泽FJ CRUISER","0.000056910877566"
"利达混凝土搅拌车","0.000018970292522"
"精功自卸汽车","0.000018970292522"
"锦重汽车起重机","0.000037940585044"
"阿尔法罗密欧GIULIA","0.000037940585044"
"普力马","0.000132792047653"
"华凯载货车","0.000037940585044"
"北汽轻型货车","0.000037940585044"
"青专自卸车","0.000018970292522"
"翼虎MAVERICK","0.000018970292522"
"东风L系列","0.000018970292522"
"程力威洒水车","0.000018970292522"
"漫步者PT CRUISER","0.000056910877566"
"一汽佳星幸福使者","0.000018970292522"
"申沃12米公路客车","0.000018970292522"
"酷派COUPE","0.000151762340175"
"风行F600","0.000018970292522"
"奥赛通讯车","0.000018970292522"
"希尔旅居车","0.000018970292522"
"楚天混凝土搅拌车","0.000018970292522"
"瑞风","0.006184315362143"
"英朗","0.008916037485298"
"昂科雷ENCLAVE","0.000360435557916"
"金王子","0.000948514626096"
"途观","0.007872671396593"
"雷凌","0.001460712524187"
"旗铃","0.001384831354099"
"北京黑豹载货汽车","0.000018970292522"
"比亚迪G3","0.000474257313048"
"科帕奇","0.001024395796183"
"解放J5M(P7)悍威","0.001138217551315"
"奇瑞QQ/QQ3","0.004382137572561"
"羚羊","0.001100276966271"
"野马F99","0.000227643510263"
"远舰/K5","0.00297833592594"
"东风悦达起亚KX5","0.001346890769056"
"长安CS95","0.000227643510263"
"昂科拉","0.002067761884888"
"宝马7系","0.000948514626096"
"中意","0.00039837614296"
"绿叶洒水车","0.000056910877566"
"英菲尼迪QX系列(QX80)","0.00009485146261"
"锐界EDGE","0.000360435557916"
"英伦SC6","0.000227643510263"
"奇瑞E3","0.000720871115833"
"酷威JCUV","0.000872633456008"
"欧尚","0.000265584095307"
"飞度","0.003281860606291"
"名爵MG 6","0.00049322760557"
"多利卡","0.000284554387829"
"斯达-斯太尔自卸车","0.00009485146261"
"捷豹XJ级","0.000246613802785"
"金龙8米城市客车","0.000056910877566"
"英伦SC7(海景)","0.001612474864362"
"北方奔驰牵引车","0.000417346435482"
"捷豹XF级","0.000265584095307"
"启辰D50","0.000550138483135"
"三一混凝土泵车","0.000132792047653"
"智尚S30","0.000075881170088"
"锐骐","0.000474257313048"
"北京20","0.00049322760557"
"科雷傲KOLEOS","0.000588079068179"
"力帆520","0.000284554387829"
"沃尔沃S60","0.000151762340175"
"北方奔驰载货车","0.000872633456008"
"优胜","0.000113821755131"
"北京现代i30","0.000246613802785"
"蓝鸟BLUEBIRD","0.000018970292522"
"路飞全挂车","0.000018970292522"
"福瑞达M50","0.000189702925219"
"理念S1","0.000189702925219"
"凌轩","0.000246613802785"
"风度CEFIRO","0.000170732632697"
"中华","0.000113821755131"
"福瑞达","0.000455287020526"
"解放J5K(P9)骏威","0.000018970292522"
"开瑞皮卡","0.000018970292522"
"赛影","0.000075881170088"
"奔驰G级","0.000037940585044"
"爱迪尔","0.000075881170088"
"西耶那","0.000132792047653"
"艾瑞泽3","0.000132792047653"
"希旺","0.000037940585044"
"海格11米公路客车","0.000037940585044"
"北方奔驰专用车","0.000037940585044"
"东风杭州货车","0.000018970292522"
"大7 MPV","0.000018970292522"
"中汽仓栅式运输车","0.000018970292522"
"北汽威旺205","0.000075881170088"
"雷克萨斯LS系","0.000037940585044"
"志翔","0.000056910877566"
"培新检测车","0.000018970292522"
"领航员NAVIGATOR","0.000018970292522"
"跃进自卸汽车","0.000056910877566"
"好微","0.000037940585044"
"驰乐自卸车","0.000018970292522"
"雅特ASTRA","0.000018970292522"
"冰花厢式运输车","0.000018970292522"
"长安之星","0.00715180028076"
"传祺GS4","0.005804909511705"
"长安CS55","0.000739841408355"
"雅阁","0.009655878893653"
"传祺GS5","0.002124672762454"
"宋","0.000644989945745"
"朗动","0.005103008688394"
"瑞纳","0.008100314906856"
"比速T5","0.00009485146261"
"济南鸿雁运钞车","0.000037940585044"
"博瑞GC9","0.000341465265394"
"指南者COMPASS","0.001498653109231"
"威乐","0.000056910877566"
"速派","0.000986455211139"
"东风悦达起亚KX3","0.001176158136358"
"辉腾PHAETON","0.000227643510263"
"锐界","0.001271009598968"
"雨燕","0.003168038851159"
"上海通用凯迪拉克XT5","0.000246613802785"
"哥瑞","0.000379405850438"
"解放J6(P6)","0.00595667185188"
"夏朗SHARAN","0.000303524680351"
"沃尔沃V40","0.000227643510263"
"楼兰","0.000151762340175"
"北汽绅宝X55","0.00049322760557"
"思铭","0.000265584095307"
"柯斯达","0.000284554387829"
"宝典","0.000531168190613"
"奇瑞A5","0.000379405850438"
"传祺GA5","0.000265584095307"
"捷豹F-PACE级","0.000170732632697"
"艾瑞泽5","0.000474257313048"
"江铃轻卡","0.000682930530789"
"乐骋","0.000322494972872"
"徐工汽车起重机","0.000056910877566"
"嘉华CARNIVAL","0.00009485146261"
"宝马X6","0.000322494972872"
"神宇平板运输车","0.000037940585044"
"帕杰罗速跑","0.000075881170088"
"ASX劲炫","0.00009485146261"
"名爵ZS","0.000170732632697"
"雅科仕EQUUS","0.000037940585044"
"乐驰","0.000379405850438"
"速威","0.000018970292522"
"长安专用车","0.000132792047653"
"欧曼奇兵","0.000056910877566"
"安凯12米公路客车","0.000189702925219"
"北汽威旺M30","0.000056910877566"
"汉腾X7","0.000189702925219"
"大柴神","0.000208673217741"
"讴歌RDX","0.000056910877566"
"中洁洒水车","0.000037940585044"
"欧陆CONTINENTAL","0.000037940585044"
"沃尔沃XC70","0.000018970292522"
"宇田半挂车","0.000018970292522"
"指挥官COMMANDER","0.000018970292522"
"昌河Q35","0.000018970292522"
"欧旅旅居车","0.00009485146261"
"一汽奥迪100","0.000037940585044"
"小旋风","0.000018970292522"
"威铃","0.000075881170088"
"奔驰GLA级","0.000056910877566"
"飞碟6米公路客车","0.000018970292522"
"南京依维柯其他车辆","0.000037940585044"
"普莱特","0.000037940585044"
"昌河Q25","0.000037940585044"
"雷克萨斯GS系","0.000018970292522"
"讴歌MDX","0.000075881170088"
"奥迪A4","0.000037940585044"
"欧美佳OMEGA","0.000018970292522"
"伽途ix","0.000018970292522"
"沃尔沃自卸车","0.000018970292522"
"跃进轻卡","0.000037940585044"
"中汽垃圾车","0.000018970292522"
"庆铃F系列重型商用车","0.000018970292522"
"总裁QUATTROPORTE","0.000018970292522"
"青岛五菱微卡","0.000018970292522"
"麒强半挂车","0.000037940585044"
"常奇清障车","0.000018970292522"
"凯越","0.014417422316652"
"迈锐宝","0.003395682361422"
"菲翔","0.001441742231665"
"晶锐","0.004040672307167"
"时代驭菱","0.001365861061578"
"宝骏560","0.000417346435482"
"福美来","0.000948514626096"
"福瑞迪","0.004856394885609"
"北京低速货车","0.00039837614296"
"北方奔驰自卸车","0.000588079068179"
"朗逸","0.013715521493341"
"宝骏510","0.000929544333574"
"宝马X1","0.000607049360701"
"雅力士","0.002466138027848"
"好运","0.000132792047653"
"森雅","0.001005425503661"
"长安6米城市客车","0.000246613802785"
"北汽绅宝D20","0.000474257313048"
"荣威350","0.002447167735326"
"蓝鸟","0.000341465265394"
"欧力威","0.00039837614296"
"力帆720","0.000018970292522"
"极光","0.000588079068179"
"颐达","0.001271009598968"
"东风标致408","0.001157187843837"
"传祺GS8","0.00049322760557"
"瑞虎","0.001612474864362"
"佳宝V系列","0.000626019653223"
"徐工随车起重运输车","0.000132792047653"
"东风悦达起亚K4","0.00089160374853"
"派力奥","0.000436316728004"
"金龙9米公路客车","0.000056910877566"
"瑞虎5","0.001024395796183"
"一汽吉林微型货车","0.000644989945745"
"瑞风M4","0.000246613802785"
"探界者","0.000132792047653"
"骏派D60","0.000132792047653"
"海豚","0.000056910877566"
"东风英菲尼迪Q50L","0.000246613802785"
"驭胜","0.000113821755131"
"烈昂LEON","0.000037940585044"
"奇骏X-TRAIL","0.000037940585044"
"中华H330","0.000113821755131"
"大7 SUV","0.000436316728004"
"尊驰","0.000284554387829"
"海马S5","0.000151762340175"
"悍马H3","0.000056910877566"
"东风雪铁龙C2","0.000550138483135"
"唯雅诺","0.000379405850438"
"京探钻机车","0.000037940585044"
"奔腾X40","0.000265584095307"
"传祺GS7","0.000056910877566"
"中顺世纪","0.000056910877566"
"大运仓栅式运输车","0.000018970292522"
"力帆X60","0.000170732632697"
"云雀","0.000037940585044"
"宇通重工桥梁检测作业车","0.000018970292522"
"一汽吉林专用车","0.000170732632697"
"瑞虎3X","0.00009485146261"
"飞碟厢式运输车","0.000303524680351"
"观致3","0.000018970292522"
"小贵族","0.000018970292522"
"大通G10","0.000113821755131"
"发现神行DISCOVERY SPORT","0.000056910877566"
"雷克萨斯NX系","0.000189702925219"
"埃尔法ALPHARD","0.000056910877566"
"三兴高空作业车","0.000037940585044"
"众泰Z100","0.000075881170088"
"凯马自卸汽车","0.000018970292522"
"申龙骏马9米公路客车","0.000037940585044"
"悍马H2","0.000018970292522"
"标致308","0.000018970292522"
"北方奔驰仓栅式运输车","0.000018970292522"
"福仕达","0.000056910877566"
"C4世嘉","0.000075881170088"
"新飞半挂车","0.000018970292522"
"宝来BORA/捷达JETTA","0.000018970292522"
"福田11米城市客车","0.000018970292522"
"沃德利半挂车","0.000037940585044"
"骁途","0.000018970292522"
"东风雪铁龙C6","0.000037940585044"
"爱仕ESCAPE","0.000018970292522"
"大力神","0.000018970292522"
